<?xml version="1.0"?>
<!DOCTYPE hibernate-mapping PUBLIC "-//Hibernate/Hibernate Mapping DTD 3.0//EN"
"http://hibernate.sourceforge.net/hibernate-mapping-3.0.dtd">
<!-- Generated Jul 16, 2013 10:48:18 PM by Hibernate Tools 3.4.0.CR1 -->
<hibernate-mapping>
    <class name="com.simpleprogrammer.GoalAlert" table="GOALALERT">
        <id name="id" type="int">
            <column name="ID" />
            <generator class="increment" />
        </id>
        <property name="message" type="java.lang.String">
            <column name="MESSAGE" />
        </property>
    </class>
</hibernate-mapping>
