<?xml version="1.0"?>
<!DOCTYPE hibernate-mapping PUBLIC "-//Hibernate/Hibernate Mapping DTD 3.0//EN"
"http://hibernate.sourceforge.net/hibernate-mapping-3.0.dtd">
<!-- Generated Jul 16, 2013 10:11:08 PM by Hibernate Tools 3.4.0.CR1 -->
<hibernate-mapping>
    <class name="com.simpleprogrammer.ProteinData" table="PROTEINDATA">
        <id name="id" type="int">
            <column name="ID" />
            <generator class="increment" />
        </id>
        <one-to-one name="user" class="com.simpleprogrammer.User" property-ref="proteinData" />
        <property name="total" type="int">
            <column name="TOTAL" />
        </property>
        <property name="goal" type="int">
            <column name="GOAL" />
        </property>
    </class>
</hibernate-mapping>
